date,state,district,deaths
2015-01-01,Kerala,Alappuzha,1412
2015-01-01,Kerala,Ernakulam,2292
2015-01-01,Kerala,Idukki,612
2015-01-01,Kerala,Kannur,1577
2015-01-01,Kerala,Kasaragod,703
2015-01-01,Kerala,Kollam,1734
2015-01-01,Kerala,Kottayam,1681
2015-01-01,Kerala,Kozhikode,2058
2015-01-01,Kerala,Malappuram,1658
2015-01-01,Kerala,Palakkad,1683
2015-01-01,Kerala,Pathanamthitta,1074
2015-01-01,Kerala,Thiruvananthapuram,2712
2015-01-01,Kerala,Thrissur,2365
2015-01-01,Kerala,Wayanad,435
2015-02-01,Kerala,Alappuzha,1174
2015-02-01,Kerala,Ernakulam,1696
2015-02-01,Kerala,Idukki,471
2015-02-01,Kerala,Kannur,1348
2015-02-01,Kerala,Kasaragod,581
2015-02-01,Kerala,Kollam,1430
2015-02-01,Kerala,Kottayam,1364
2015-02-01,Kerala,Kozhikode,1812
2015-02-01,Kerala,Malappuram,1485
2015-02-01,Kerala,Palakkad,1302
2015-02-01,Kerala,Pathanamthitta,814
2015-02-01,Kerala,Thiruvananthapuram,2353
2015-02-01,Kerala,Thrissur,2016
2015-02-01,Kerala,Wayanad,369
2015-03-01,Kerala,Alappuzha,1320
2015-03-01,Kerala,Ernakulam,1530
2015-03-01,Kerala,Idukki,503
2015-03-01,Kerala,Kannur,1463
2015-03-01,Kerala,Kasaragod,553
2015-03-01,Kerala,Kollam,1508
2015-03-01,Kerala,Kottayam,1541
2015-03-01,Kerala,Kozhikode,1907
2015-03-01,Kerala,Malappuram,1477
2015-03-01,Kerala,Palakkad,1399
2015-03-01,Kerala,Pathanamthitta,838
2015-03-01,Kerala,Thiruvananthapuram,2487
2015-03-01,Kerala,Thrissur,2179
2015-03-01,Kerala,Wayanad,373
2015-04-01,Kerala,Alappuzha,1174
2015-04-01,Kerala,Ernakulam,1379
2015-04-01,Kerala,Idukki,496
2015-04-01,Kerala,Kannur,1265
2015-04-01,Kerala,Kasaragod,502
2015-04-01,Kerala,Kollam,1390
2015-04-01,Kerala,Kottayam,1390
2015-04-01,Kerala,Kozhikode,1806
2015-04-01,Kerala,Malappuram,1409
2015-04-01,Kerala,Palakkad,1312
2015-04-01,Kerala,Pathanamthitta,853
2015-04-01,Kerala,Thiruvananthapuram,2467
2015-04-01,Kerala,Thrissur,2049
2015-04-01,Kerala,Wayanad,315
2015-05-01,Kerala,Alappuzha,1274
2015-05-01,Kerala,Ernakulam,1500
2015-05-01,Kerala,Idukki,518
2015-05-01,Kerala,Kannur,1275
2015-05-01,Kerala,Kasaragod,548
2015-05-01,Kerala,Kollam,1521
2015-05-01,Kerala,Kottayam,1597
2015-05-01,Kerala,Kozhikode,1878
2015-05-01,Kerala,Malappuram,1569
2015-05-01,Kerala,Palakkad,1337
2015-05-01,Kerala,Pathanamthitta,952
2015-05-01,Kerala,Thiruvananthapuram,2531
2015-05-01,Kerala,Thrissur,2224
2015-05-01,Kerala,Wayanad,323
2015-06-01,Kerala,Alappuzha,1262
2015-06-01,Kerala,Ernakulam,1433
2015-06-01,Kerala,Idukki,510
2015-06-01,Kerala,Kannur,1369
2015-06-01,Kerala,Kasaragod,557
2015-06-01,Kerala,Kollam,1523
2015-06-01,Kerala,Kottayam,1360
2015-06-01,Kerala,Kozhikode,1919
2015-06-01,Kerala,Malappuram,1563
2015-06-01,Kerala,Palakkad,1328
2015-06-01,Kerala,Pathanamthitta,890
2015-06-01,Kerala,Thiruvananthapuram,2287
2015-06-01,Kerala,Thrissur,2040
2015-06-01,Kerala,Wayanad,324
2015-07-01,Kerala,Alappuzha,1351
2015-07-01,Kerala,Ernakulam,1696
2015-07-01,Kerala,Idukki,588
2015-07-01,Kerala,Kannur,1560
2015-07-01,Kerala,Kasaragod,618
2015-07-01,Kerala,Kollam,1685
2015-07-01,Kerala,Kottayam,1606
2015-07-01,Kerala,Kozhikode,2346
2015-07-01,Kerala,Malappuram,1851
2015-07-01,Kerala,Palakkad,1559
2015-07-01,Kerala,Pathanamthitta,970
2015-07-01,Kerala,Thiruvananthapuram,2417
2015-07-01,Kerala,Thrissur,2364
2015-07-01,Kerala,Wayanad,343
2015-08-01,Kerala,Alappuzha,1341
2015-08-01,Kerala,Ernakulam,1723
2015-08-01,Kerala,Idukki,532
2015-08-01,Kerala,Kannur,1615
2015-08-01,Kerala,Kasaragod,652
2015-08-01,Kerala,Kollam,1633
2015-08-01,Kerala,Kottayam,1625
2015-08-01,Kerala,Kozhikode,2221
2015-08-01,Kerala,Malappuram,1814
2015-08-01,Kerala,Palakkad,1467
2015-08-01,Kerala,Pathanamthitta,1026
2015-08-01,Kerala,Thiruvananthapuram,2474
2015-08-01,Kerala,Thrissur,2379
2015-08-01,Kerala,Wayanad,383
2015-09-01,Kerala,Alappuzha,1266
2015-09-01,Kerala,Ernakulam,1543
2015-09-01,Kerala,Idukki,540
2015-09-01,Kerala,Kannur,1465
2015-09-01,Kerala,Kasaragod,605
2015-09-01,Kerala,Kollam,1556
2015-09-01,Kerala,Kottayam,1535
2015-09-01,Kerala,Kozhikode,1939
2015-09-01,Kerala,Malappuram,1425
2015-09-01,Kerala,Palakkad,1324
2015-09-01,Kerala,Pathanamthitta,907
2015-09-01,Kerala,Thiruvananthapuram,2294
2015-09-01,Kerala,Thrissur,2178
2015-09-01,Kerala,Wayanad,324
2015-10-01,Kerala,Alappuzha,1280
2015-10-01,Kerala,Ernakulam,1552
2015-10-01,Kerala,Idukki,544
2015-10-01,Kerala,Kannur,1490
2015-10-01,Kerala,Kasaragod,599
2015-10-01,Kerala,Kollam,1587
2015-10-01,Kerala,Kottayam,1503
2015-10-01,Kerala,Kozhikode,1972
2015-10-01,Kerala,Malappuram,1645
2015-10-01,Kerala,Palakkad,1358
2015-10-01,Kerala,Pathanamthitta,1000
2015-10-01,Kerala,Thiruvananthapuram,2476
2015-10-01,Kerala,Thrissur,2198
2015-10-01,Kerala,Wayanad,349
2015-11-01,Kerala,Alappuzha,1458
2015-11-01,Kerala,Ernakulam,1616
2015-11-01,Kerala,Idukki,542
2015-11-01,Kerala,Kannur,1420
2015-11-01,Kerala,Kasaragod,595
2015-11-01,Kerala,Kollam,1628
2015-11-01,Kerala,Kottayam,1675
2015-11-01,Kerala,Kozhikode,2154
2015-11-01,Kerala,Malappuram,1824
2015-11-01,Kerala,Palakkad,1534
2015-11-01,Kerala,Pathanamthitta,1024
2015-11-01,Kerala,Thiruvananthapuram,2661
2015-11-01,Kerala,Thrissur,2347
2015-11-01,Kerala,Wayanad,333
2015-12-01,Kerala,Alappuzha,1496
2015-12-01,Kerala,Ernakulam,1738
2015-12-01,Kerala,Idukki,597
2015-12-01,Kerala,Kannur,1434
2015-12-01,Kerala,Kasaragod,575
2015-12-01,Kerala,Kollam,1676
2015-12-01,Kerala,Kottayam,1663
2015-12-01,Kerala,Kozhikode,2036
2015-12-01,Kerala,Malappuram,1743
2015-12-01,Kerala,Palakkad,1567
2015-12-01,Kerala,Pathanamthitta,1073
2015-12-01,Kerala,Thiruvananthapuram,2948
2015-12-01,Kerala,Thrissur,2314
2015-12-01,Kerala,Wayanad,376
2016-01-01,Kerala,Alappuzha,1446
2016-01-01,Kerala,Ernakulam,1775
2016-01-01,Kerala,Idukki,552
2016-01-01,Kerala,Kannur,1608
2016-01-01,Kerala,Kasaragod,648
2016-01-01,Kerala,Kollam,1569
2016-01-01,Kerala,Kottayam,1674
2016-01-01,Kerala,Kozhikode,2067
2016-01-01,Kerala,Malappuram,1695
2016-01-01,Kerala,Palakkad,1532
2016-01-01,Kerala,Pathanamthitta,1021
2016-01-01,Kerala,Thiruvananthapuram,2686
2016-01-01,Kerala,Thrissur,2421
2016-01-01,Kerala,Wayanad,452
2016-02-01,Kerala,Alappuzha,1268
2016-02-01,Kerala,Ernakulam,1567
2016-02-01,Kerala,Idukki,539
2016-02-01,Kerala,Kannur,1320
2016-02-01,Kerala,Kasaragod,542
2016-02-01,Kerala,Kollam,1527
2016-02-01,Kerala,Kottayam,1368
2016-02-01,Kerala,Kozhikode,1911
2016-02-01,Kerala,Malappuram,1564
2016-02-01,Kerala,Palakkad,1329
2016-02-01,Kerala,Pathanamthitta,892
2016-02-01,Kerala,Thiruvananthapuram,2291
2016-02-01,Kerala,Thrissur,2167
2016-02-01,Kerala,Wayanad,357
2016-03-01,Kerala,Alappuzha,1307
2016-03-01,Kerala,Ernakulam,1586
2016-03-01,Kerala,Idukki,495
2016-03-01,Kerala,Kannur,1450
2016-03-01,Kerala,Kasaragod,536
2016-03-01,Kerala,Kollam,1584
2016-03-01,Kerala,Kottayam,1378
2016-03-01,Kerala,Kozhikode,1894
2016-03-01,Kerala,Malappuram,1638
2016-03-01,Kerala,Palakkad,1377
2016-03-01,Kerala,Pathanamthitta,949
2016-03-01,Kerala,Thiruvananthapuram,2390
2016-03-01,Kerala,Thrissur,2180
2016-03-01,Kerala,Wayanad,379
2016-04-01,Kerala,Alappuzha,1302
2016-04-01,Kerala,Ernakulam,1623
2016-04-01,Kerala,Idukki,466
2016-04-01,Kerala,Kannur,1596
2016-04-01,Kerala,Kasaragod,578
2016-04-01,Kerala,Kollam,1628
2016-04-01,Kerala,Kottayam,1585
2016-04-01,Kerala,Kozhikode,2018
2016-04-01,Kerala,Malappuram,1666
2016-04-01,Kerala,Palakkad,1520
2016-04-01,Kerala,Pathanamthitta,967
2016-04-01,Kerala,Thiruvananthapuram,2380
2016-04-01,Kerala,Thrissur,2487
2016-04-01,Kerala,Wayanad,351
2016-05-01,Kerala,Alappuzha,1290
2016-05-01,Kerala,Ernakulam,1534
2016-05-01,Kerala,Idukki,442
2016-05-01,Kerala,Kannur,1345
2016-05-01,Kerala,Kasaragod,551
2016-05-01,Kerala,Kollam,1561
2016-05-01,Kerala,Kottayam,1459
2016-05-01,Kerala,Kozhikode,1990
2016-05-01,Kerala,Malappuram,1664
2016-05-01,Kerala,Palakkad,1399
2016-05-01,Kerala,Pathanamthitta,917
2016-05-01,Kerala,Thiruvananthapuram,2396
2016-05-01,Kerala,Thrissur,2208
2016-05-01,Kerala,Wayanad,334
2016-06-01,Kerala,Alappuzha,1366
2016-06-01,Kerala,Ernakulam,1697
2016-06-01,Kerala,Idukki,559
2016-06-01,Kerala,Kannur,1459
2016-06-01,Kerala,Kasaragod,611
2016-06-01,Kerala,Kollam,1605
2016-06-01,Kerala,Kottayam,1593
2016-06-01,Kerala,Kozhikode,2051
2016-06-01,Kerala,Malappuram,1693
2016-06-01,Kerala,Palakkad,1508
2016-06-01,Kerala,Pathanamthitta,997
2016-06-01,Kerala,Thiruvananthapuram,2523
2016-06-01,Kerala,Thrissur,2319
2016-06-01,Kerala,Wayanad,354
2016-07-01,Kerala,Alappuzha,1452
2016-07-01,Kerala,Ernakulam,1946
2016-07-01,Kerala,Idukki,628
2016-07-01,Kerala,Kannur,1949
2016-07-01,Kerala,Kasaragod,806
2016-07-01,Kerala,Kollam,1803
2016-07-01,Kerala,Kottayam,1769
2016-07-01,Kerala,Kozhikode,2436
2016-07-01,Kerala,Malappuram,2103
2016-07-01,Kerala,Palakkad,1719
2016-07-01,Kerala,Pathanamthitta,1105
2016-07-01,Kerala,Thiruvananthapuram,2678
2016-07-01,Kerala,Thrissur,2624
2016-07-01,Kerala,Wayanad,412
2016-08-01,Kerala,Alappuzha,1523
2016-08-01,Kerala,Ernakulam,1855
2016-08-01,Kerala,Idukki,593
2016-08-01,Kerala,Kannur,1736
2016-08-01,Kerala,Kasaragod,688
2016-08-01,Kerala,Kollam,1785
2016-08-01,Kerala,Kottayam,1758
2016-08-01,Kerala,Kozhikode,2411
2016-08-01,Kerala,Malappuram,2066
2016-08-01,Kerala,Palakkad,1635
2016-08-01,Kerala,Pathanamthitta,1007
2016-08-01,Kerala,Thiruvananthapuram,2557
2016-08-01,Kerala,Thrissur,2528
2016-08-01,Kerala,Wayanad,433
2016-09-01,Kerala,Alappuzha,1452
2016-09-01,Kerala,Ernakulam,1732
2016-09-01,Kerala,Idukki,575
2016-09-01,Kerala,Kannur,1621
2016-09-01,Kerala,Kasaragod,656
2016-09-01,Kerala,Kollam,1681
2016-09-01,Kerala,Kottayam,1706
2016-09-01,Kerala,Kozhikode,2230
2016-09-01,Kerala,Malappuram,1804
2016-09-01,Kerala,Palakkad,1547
2016-09-01,Kerala,Pathanamthitta,971
2016-09-01,Kerala,Thiruvananthapuram,2482
2016-09-01,Kerala,Thrissur,2401
2016-09-01,Kerala,Wayanad,454
2016-10-01,Kerala,Alappuzha,1317
2016-10-01,Kerala,Ernakulam,1603
2016-10-01,Kerala,Idukki,598
2016-10-01,Kerala,Kannur,1485
2016-10-01,Kerala,Kasaragod,639
2016-10-01,Kerala,Kollam,1622
2016-10-01,Kerala,Kottayam,1594
2016-10-01,Kerala,Kozhikode,2038
2016-10-01,Kerala,Malappuram,1645
2016-10-01,Kerala,Palakkad,1411
2016-10-01,Kerala,Pathanamthitta,979
2016-10-01,Kerala,Thiruvananthapuram,2317
2016-10-01,Kerala,Thrissur,2233
2016-10-01,Kerala,Wayanad,403
2016-11-01,Kerala,Alappuzha,1238
2016-11-01,Kerala,Ernakulam,1504
2016-11-01,Kerala,Idukki,571
2016-11-01,Kerala,Kannur,1395
2016-11-01,Kerala,Kasaragod,511
2016-11-01,Kerala,Kollam,1526
2016-11-01,Kerala,Kottayam,1535
2016-11-01,Kerala,Kozhikode,1894
2016-11-01,Kerala,Malappuram,1550
2016-11-01,Kerala,Palakkad,1376
2016-11-01,Kerala,Pathanamthitta,931
2016-11-01,Kerala,Thiruvananthapuram,2277
2016-11-01,Kerala,Thrissur,2188
2016-11-01,Kerala,Wayanad,358
2016-12-01,Kerala,Alappuzha,1307
2016-12-01,Kerala,Ernakulam,1670
2016-12-01,Kerala,Idukki,592
2016-12-01,Kerala,Kannur,1485
2016-12-01,Kerala,Kasaragod,642
2016-12-01,Kerala,Kollam,1609
2016-12-01,Kerala,Kottayam,1519
2016-12-01,Kerala,Kozhikode,1987
2016-12-01,Kerala,Malappuram,1690
2016-12-01,Kerala,Palakkad,1452
2016-12-01,Kerala,Pathanamthitta,1010
2016-12-01,Kerala,Thiruvananthapuram,2534
2016-12-01,Kerala,Thrissur,2393
2016-12-01,Kerala,Wayanad,410
2017-01-01,Kerala,Alappuzha,1279
2017-01-01,Kerala,Ernakulam,1693
2017-01-01,Kerala,Idukki,584
2017-01-01,Kerala,Kannur,1608
2017-01-01,Kerala,Kasaragod,626
2017-01-01,Kerala,Kollam,1555
2017-01-01,Kerala,Kottayam,1629
2017-01-01,Kerala,Kozhikode,2106
2017-01-01,Kerala,Malappuram,1673
2017-01-01,Kerala,Palakkad,1481
2017-01-01,Kerala,Pathanamthitta,954
2017-01-01,Kerala,Thiruvananthapuram,2456
2017-01-01,Kerala,Thrissur,2235
2017-01-01,Kerala,Wayanad,444
2017-02-01,Kerala,Alappuzha,1214
2017-02-01,Kerala,Ernakulam,1474
2017-02-01,Kerala,Idukki,499
2017-02-01,Kerala,Kannur,1252
2017-02-01,Kerala,Kasaragod,513
2017-02-01,Kerala,Kollam,1364
2017-02-01,Kerala,Kottayam,1475
2017-02-01,Kerala,Kozhikode,1792
2017-02-01,Kerala,Malappuram,1501
2017-02-01,Kerala,Palakkad,1355
2017-02-01,Kerala,Pathanamthitta,883
2017-02-01,Kerala,Thiruvananthapuram,2308
2017-02-01,Kerala,Thrissur,2150
2017-02-01,Kerala,Wayanad,344
2017-03-01,Kerala,Alappuzha,1261
2017-03-01,Kerala,Ernakulam,1567
2017-03-01,Kerala,Idukki,569
2017-03-01,Kerala,Kannur,1376
2017-03-01,Kerala,Kasaragod,576
2017-03-01,Kerala,Kollam,1576
2017-03-01,Kerala,Kottayam,1548
2017-03-01,Kerala,Kozhikode,1834
2017-03-01,Kerala,Malappuram,1523
2017-03-01,Kerala,Palakkad,1383
2017-03-01,Kerala,Pathanamthitta,886
2017-03-01,Kerala,Thiruvananthapuram,2395
2017-03-01,Kerala,Thrissur,2156
2017-03-01,Kerala,Wayanad,363
2017-04-01,Kerala,Alappuzha,1247
2017-04-01,Kerala,Ernakulam,1556
2017-04-01,Kerala,Idukki,515
2017-04-01,Kerala,Kannur,1405
2017-04-01,Kerala,Kasaragod,524
2017-04-01,Kerala,Kollam,1477
2017-04-01,Kerala,Kottayam,1495
2017-04-01,Kerala,Kozhikode,2026
2017-04-01,Kerala,Malappuram,1538
2017-04-01,Kerala,Palakkad,1367
2017-04-01,Kerala,Pathanamthitta,881
2017-04-01,Kerala,Thiruvananthapuram,2498
2017-04-01,Kerala,Thrissur,2191
2017-04-01,Kerala,Wayanad,291
2017-05-01,Kerala,Alappuzha,1230
2017-05-01,Kerala,Ernakulam,1617
2017-05-01,Kerala,Idukki,502
2017-05-01,Kerala,Kannur,1471
2017-05-01,Kerala,Kasaragod,572
2017-05-01,Kerala,Kollam,1636
2017-05-01,Kerala,Kottayam,1660
2017-05-01,Kerala,Kozhikode,2019
2017-05-01,Kerala,Malappuram,1650
2017-05-01,Kerala,Palakkad,1441
2017-05-01,Kerala,Pathanamthitta,1025
2017-05-01,Kerala,Thiruvananthapuram,2617
2017-05-01,Kerala,Thrissur,2279
2017-05-01,Kerala,Wayanad,329
2017-06-01,Kerala,Alappuzha,1473
2017-06-01,Kerala,Ernakulam,1831
2017-06-01,Kerala,Idukki,630
2017-06-01,Kerala,Kannur,1563
2017-06-01,Kerala,Kasaragod,574
2017-06-01,Kerala,Kollam,1974
2017-06-01,Kerala,Kottayam,1841
2017-06-01,Kerala,Kozhikode,2262
2017-06-01,Kerala,Malappuram,1728
2017-06-01,Kerala,Palakkad,1617
2017-06-01,Kerala,Pathanamthitta,1142
2017-06-01,Kerala,Thiruvananthapuram,3060
2017-06-01,Kerala,Thrissur,2516
2017-06-01,Kerala,Wayanad,385
2017-07-01,Kerala,Alappuzha,1689
2017-07-01,Kerala,Ernakulam,2110
2017-07-01,Kerala,Idukki,688
2017-07-01,Kerala,Kannur,1865
2017-07-01,Kerala,Kasaragod,733
2017-07-01,Kerala,Kollam,2161
2017-07-01,Kerala,Kottayam,1930
2017-07-01,Kerala,Kozhikode,2876
2017-07-01,Kerala,Malappuram,2372
2017-07-01,Kerala,Palakkad,1920
2017-07-01,Kerala,Pathanamthitta,1271
2017-07-01,Kerala,Thiruvananthapuram,3278
2017-07-01,Kerala,Thrissur,3003
2017-07-01,Kerala,Wayanad,402
2017-08-01,Kerala,Alappuzha,1469
2017-08-01,Kerala,Ernakulam,1910
2017-08-01,Kerala,Idukki,619
2017-08-01,Kerala,Kannur,1821
2017-08-01,Kerala,Kasaragod,681
2017-08-01,Kerala,Kollam,1724
2017-08-01,Kerala,Kottayam,1785
2017-08-01,Kerala,Kozhikode,2434
2017-08-01,Kerala,Malappuram,2107
2017-08-01,Kerala,Palakkad,1670
2017-08-01,Kerala,Pathanamthitta,1099
2017-08-01,Kerala,Thiruvananthapuram,2672
2017-08-01,Kerala,Thrissur,2714
2017-08-01,Kerala,Wayanad,391
2017-09-01,Kerala,Alappuzha,1470
2017-09-01,Kerala,Ernakulam,1767
2017-09-01,Kerala,Idukki,569
2017-09-01,Kerala,Kannur,1531
2017-09-01,Kerala,Kasaragod,612
2017-09-01,Kerala,Kollam,1814
2017-09-01,Kerala,Kottayam,1670
2017-09-01,Kerala,Kozhikode,2151
2017-09-01,Kerala,Malappuram,1802
2017-09-01,Kerala,Palakkad,1583
2017-09-01,Kerala,Pathanamthitta,1069
2017-09-01,Kerala,Thiruvananthapuram,2654
2017-09-01,Kerala,Thrissur,2421
2017-09-01,Kerala,Wayanad,397
2017-10-01,Kerala,Alappuzha,1414
2017-10-01,Kerala,Ernakulam,1696
2017-10-01,Kerala,Idukki,557
2017-10-01,Kerala,Kannur,1487
2017-10-01,Kerala,Kasaragod,604
2017-10-01,Kerala,Kollam,1663
2017-10-01,Kerala,Kottayam,1626
2017-10-01,Kerala,Kozhikode,2081
2017-10-01,Kerala,Malappuram,1721
2017-10-01,Kerala,Palakkad,1538
2017-10-01,Kerala,Pathanamthitta,970
2017-10-01,Kerala,Thiruvananthapuram,2615
2017-10-01,Kerala,Thrissur,2307
2017-10-01,Kerala,Wayanad,397
2017-11-01,Kerala,Alappuzha,1334
2017-11-01,Kerala,Ernakulam,1573
2017-11-01,Kerala,Idukki,569
2017-11-01,Kerala,Kannur,1459
2017-11-01,Kerala,Kasaragod,617
2017-11-01,Kerala,Kollam,1551
2017-11-01,Kerala,Kottayam,1598
2017-11-01,Kerala,Kozhikode,2066
2017-11-01,Kerala,Malappuram,1630
2017-11-01,Kerala,Palakkad,1373
2017-11-01,Kerala,Pathanamthitta,1010
2017-11-01,Kerala,Thiruvananthapuram,2608
2017-11-01,Kerala,Thrissur,2329
2017-11-01,Kerala,Wayanad,362
2017-12-01,Kerala,Alappuzha,1510
2017-12-01,Kerala,Ernakulam,1711
2017-12-01,Kerala,Idukki,576
2017-12-01,Kerala,Kannur,1417
2017-12-01,Kerala,Kasaragod,613
2017-12-01,Kerala,Kollam,1810
2017-12-01,Kerala,Kottayam,1665
2017-12-01,Kerala,Kozhikode,2071
2017-12-01,Kerala,Malappuram,1699
2017-12-01,Kerala,Palakkad,1486
2017-12-01,Kerala,Pathanamthitta,1109
2017-12-01,Kerala,Thiruvananthapuram,2931
2017-12-01,Kerala,Thrissur,2271
2017-12-01,Kerala,Wayanad,417
2018-01-01,Kerala,Alappuzha,1487
2018-01-01,Kerala,Ernakulam,1802
2018-01-01,Kerala,Idukki,639
2018-01-01,Kerala,Kannur,1636
2018-01-01,Kerala,Kasaragod,662
2018-01-01,Kerala,Kollam,1659
2018-01-01,Kerala,Kottayam,1717
2018-01-01,Kerala,Kozhikode,2281
2018-01-01,Kerala,Malappuram,1868
2018-01-01,Kerala,Palakkad,1631
2018-01-01,Kerala,Pathanamthitta,1040
2018-01-01,Kerala,Thiruvananthapuram,2745
2018-01-01,Kerala,Thrissur,2431
2018-01-01,Kerala,Wayanad,476
2018-02-01,Kerala,Alappuzha,1278
2018-02-01,Kerala,Ernakulam,1501
2018-02-01,Kerala,Idukki,498
2018-02-01,Kerala,Kannur,1521
2018-02-01,Kerala,Kasaragod,577
2018-02-01,Kerala,Kollam,1529
2018-02-01,Kerala,Kottayam,1500
2018-02-01,Kerala,Kozhikode,1989
2018-02-01,Kerala,Malappuram,1528
2018-02-01,Kerala,Palakkad,1461
2018-02-01,Kerala,Pathanamthitta,919
2018-02-01,Kerala,Thiruvananthapuram,2440
2018-02-01,Kerala,Thrissur,2241
2018-02-01,Kerala,Wayanad,369
2018-03-01,Kerala,Alappuzha,1440
2018-03-01,Kerala,Ernakulam,1585
2018-03-01,Kerala,Idukki,538
2018-03-01,Kerala,Kannur,1493
2018-03-01,Kerala,Kasaragod,527
2018-03-01,Kerala,Kollam,1624
2018-03-01,Kerala,Kottayam,1572
2018-03-01,Kerala,Kozhikode,1980
2018-03-01,Kerala,Malappuram,1543
2018-03-01,Kerala,Palakkad,1437
2018-03-01,Kerala,Pathanamthitta,1003
2018-03-01,Kerala,Thiruvananthapuram,2495
2018-03-01,Kerala,Thrissur,2235
2018-03-01,Kerala,Wayanad,363
2018-04-01,Kerala,Alappuzha,1278
2018-04-01,Kerala,Ernakulam,1563
2018-04-01,Kerala,Idukki,503
2018-04-01,Kerala,Kannur,1385
2018-04-01,Kerala,Kasaragod,548
2018-04-01,Kerala,Kollam,1504
2018-04-01,Kerala,Kottayam,1436
2018-04-01,Kerala,Kozhikode,1939
2018-04-01,Kerala,Malappuram,1522
2018-04-01,Kerala,Palakkad,1339
2018-04-01,Kerala,Pathanamthitta,935
2018-04-01,Kerala,Thiruvananthapuram,2357
2018-04-01,Kerala,Thrissur,2169
2018-04-01,Kerala,Wayanad,345
2018-05-01,Kerala,Alappuzha,1252
2018-05-01,Kerala,Ernakulam,1566
2018-05-01,Kerala,Idukki,505
2018-05-01,Kerala,Kannur,1387
2018-05-01,Kerala,Kasaragod,596
2018-05-01,Kerala,Kollam,1483
2018-05-01,Kerala,Kottayam,1579
2018-05-01,Kerala,Kozhikode,2077
2018-05-01,Kerala,Malappuram,1607
2018-05-01,Kerala,Palakkad,1440
2018-05-01,Kerala,Pathanamthitta,972
2018-05-01,Kerala,Thiruvananthapuram,2321
2018-05-01,Kerala,Thrissur,2212
2018-05-01,Kerala,Wayanad,371
2018-06-01,Kerala,Alappuzha,1295
2018-06-01,Kerala,Ernakulam,1599
2018-06-01,Kerala,Idukki,581
2018-06-01,Kerala,Kannur,1533
2018-06-01,Kerala,Kasaragod,614
2018-06-01,Kerala,Kollam,1612
2018-06-01,Kerala,Kottayam,1623
2018-06-01,Kerala,Kozhikode,1941
2018-06-01,Kerala,Malappuram,1755
2018-06-01,Kerala,Palakkad,1501
2018-06-01,Kerala,Pathanamthitta,984
2018-06-01,Kerala,Thiruvananthapuram,2578
2018-06-01,Kerala,Thrissur,2421
2018-06-01,Kerala,Wayanad,389
2018-07-01,Kerala,Alappuzha,1564
2018-07-01,Kerala,Ernakulam,1911
2018-07-01,Kerala,Idukki,691
2018-07-01,Kerala,Kannur,1648
2018-07-01,Kerala,Kasaragod,718
2018-07-01,Kerala,Kollam,1821
2018-07-01,Kerala,Kottayam,1889
2018-07-01,Kerala,Kozhikode,2357
2018-07-01,Kerala,Malappuram,2020
2018-07-01,Kerala,Palakkad,1699
2018-07-01,Kerala,Pathanamthitta,1155
2018-07-01,Kerala,Thiruvananthapuram,2783
2018-07-01,Kerala,Thrissur,2673
2018-07-01,Kerala,Wayanad,437
2018-08-01,Kerala,Alappuzha,1642
2018-08-01,Kerala,Ernakulam,2091
2018-08-01,Kerala,Idukki,750
2018-08-01,Kerala,Kannur,1855
2018-08-01,Kerala,Kasaragod,747
2018-08-01,Kerala,Kollam,1973
2018-08-01,Kerala,Kottayam,1966
2018-08-01,Kerala,Kozhikode,2730
2018-08-01,Kerala,Malappuram,2323
2018-08-01,Kerala,Palakkad,1939
2018-08-01,Kerala,Pathanamthitta,1335
2018-08-01,Kerala,Thiruvananthapuram,2782
2018-08-01,Kerala,Thrissur,3040
2018-08-01,Kerala,Wayanad,506
2018-09-01,Kerala,Alappuzha,1557
2018-09-01,Kerala,Ernakulam,1903
2018-09-01,Kerala,Idukki,616
2018-09-01,Kerala,Kannur,1722
2018-09-01,Kerala,Kasaragod,656
2018-09-01,Kerala,Kollam,1772
2018-09-01,Kerala,Kottayam,1776
2018-09-01,Kerala,Kozhikode,2343
2018-09-01,Kerala,Malappuram,1941
2018-09-01,Kerala,Palakkad,1642
2018-09-01,Kerala,Pathanamthitta,1158
2018-09-01,Kerala,Thiruvananthapuram,2642
2018-09-01,Kerala,Thrissur,2640
2018-09-01,Kerala,Wayanad,464
2018-10-01,Kerala,Alappuzha,1397
2018-10-01,Kerala,Ernakulam,1718
2018-10-01,Kerala,Idukki,623
2018-10-01,Kerala,Kannur,1517
2018-10-01,Kerala,Kasaragod,601
2018-10-01,Kerala,Kollam,1716
2018-10-01,Kerala,Kottayam,1642
2018-10-01,Kerala,Kozhikode,2108
2018-10-01,Kerala,Malappuram,1771
2018-10-01,Kerala,Palakkad,1519
2018-10-01,Kerala,Pathanamthitta,1020
2018-10-01,Kerala,Thiruvananthapuram,2717
2018-10-01,Kerala,Thrissur,2335
2018-10-01,Kerala,Wayanad,385
2018-11-01,Kerala,Alappuzha,1432
2018-11-01,Kerala,Ernakulam,1701
2018-11-01,Kerala,Idukki,571
2018-11-01,Kerala,Kannur,1499
2018-11-01,Kerala,Kasaragod,569
2018-11-01,Kerala,Kollam,1713
2018-11-01,Kerala,Kottayam,1654
2018-11-01,Kerala,Kozhikode,2113
2018-11-01,Kerala,Malappuram,1618
2018-11-01,Kerala,Palakkad,1576
2018-11-01,Kerala,Pathanamthitta,954
2018-11-01,Kerala,Thiruvananthapuram,2889
2018-11-01,Kerala,Thrissur,2322
2018-11-01,Kerala,Wayanad,418
2018-12-01,Kerala,Alappuzha,1465
2018-12-01,Kerala,Ernakulam,1731
2018-12-01,Kerala,Idukki,628
2018-12-01,Kerala,Kannur,1493
2018-12-01,Kerala,Kasaragod,601
2018-12-01,Kerala,Kollam,1803
2018-12-01,Kerala,Kottayam,1681
2018-12-01,Kerala,Kozhikode,2159
2018-12-01,Kerala,Malappuram,1685
2018-12-01,Kerala,Palakkad,1523
2018-12-01,Kerala,Pathanamthitta,1065
2018-12-01,Kerala,Thiruvananthapuram,3006
2018-12-01,Kerala,Thrissur,2438
2018-12-01,Kerala,Wayanad,396
2019-01-01,Kerala,Alappuzha,1573
2019-01-01,Kerala,Ernakulam,1958
2019-01-01,Kerala,Idukki,660
2019-01-01,Kerala,Kannur,1678
2019-01-01,Kerala,Kasaragod,645
2019-01-01,Kerala,Kollam,1864
2019-01-01,Kerala,Kottayam,1924
2019-01-01,Kerala,Kozhikode,2410
2019-01-01,Kerala,Malappuram,2015
2019-01-01,Kerala,Palakkad,1709
2019-01-01,Kerala,Pathanamthitta,1155
2019-01-01,Kerala,Thiruvananthapuram,2894
2019-01-01,Kerala,Thrissur,2718
2019-01-01,Kerala,Wayanad,470
2019-02-01,Kerala,Alappuzha,1326
2019-02-01,Kerala,Ernakulam,1727
2019-02-01,Kerala,Idukki,539
2019-02-01,Kerala,Kannur,1479
2019-02-01,Kerala,Kasaragod,556
2019-02-01,Kerala,Kollam,1556
2019-02-01,Kerala,Kottayam,1506
2019-02-01,Kerala,Kozhikode,2039
2019-02-01,Kerala,Malappuram,1635
2019-02-01,Kerala,Palakkad,1421
2019-02-01,Kerala,Pathanamthitta,969
2019-02-01,Kerala,Thiruvananthapuram,2513
2019-02-01,Kerala,Thrissur,2223
2019-02-01,Kerala,Wayanad,395
2019-03-01,Kerala,Alappuzha,1349
2019-03-01,Kerala,Ernakulam,1730
2019-03-01,Kerala,Idukki,528
2019-03-01,Kerala,Kannur,1578
2019-03-01,Kerala,Kasaragod,625
2019-03-01,Kerala,Kollam,1669
2019-03-01,Kerala,Kottayam,1607
2019-03-01,Kerala,Kozhikode,2086
2019-03-01,Kerala,Malappuram,1575
2019-03-01,Kerala,Palakkad,1575
2019-03-01,Kerala,Pathanamthitta,1034
2019-03-01,Kerala,Thiruvananthapuram,2554
2019-03-01,Kerala,Thrissur,2409
2019-03-01,Kerala,Wayanad,317
2019-04-01,Kerala,Alappuzha,1292
2019-04-01,Kerala,Ernakulam,1573
2019-04-01,Kerala,Idukki,490
2019-04-01,Kerala,Kannur,1548
2019-04-01,Kerala,Kasaragod,576
2019-04-01,Kerala,Kollam,1626
2019-04-01,Kerala,Kottayam,1600
2019-04-01,Kerala,Kozhikode,2131
2019-04-01,Kerala,Malappuram,1608
2019-04-01,Kerala,Palakkad,1526
2019-04-01,Kerala,Pathanamthitta,899
2019-04-01,Kerala,Thiruvananthapuram,2437
2019-04-01,Kerala,Thrissur,2329
2019-04-01,Kerala,Wayanad,341
2019-05-01,Kerala,Alappuzha,1434
2019-05-01,Kerala,Ernakulam,1720
2019-05-01,Kerala,Idukki,517
2019-05-01,Kerala,Kannur,1561
2019-05-01,Kerala,Kasaragod,585
2019-05-01,Kerala,Kollam,1643
2019-05-01,Kerala,Kottayam,1686
2019-05-01,Kerala,Kozhikode,2135
2019-05-01,Kerala,Malappuram,1669
2019-05-01,Kerala,Palakkad,1359
2019-05-01,Kerala,Pathanamthitta,957
2019-05-01,Kerala,Thiruvananthapuram,2568
2019-05-01,Kerala,Thrissur,2324
2019-05-01,Kerala,Wayanad,349
2019-06-01,Kerala,Alappuzha,1252
2019-06-01,Kerala,Ernakulam,1730
2019-06-01,Kerala,Idukki,518
2019-06-01,Kerala,Kannur,1521
2019-06-01,Kerala,Kasaragod,581
2019-06-01,Kerala,Kollam,1664
2019-06-01,Kerala,Kottayam,1568
2019-06-01,Kerala,Kozhikode,2124
2019-06-01,Kerala,Malappuram,1794
2019-06-01,Kerala,Palakkad,1520
2019-06-01,Kerala,Pathanamthitta,973
2019-06-01,Kerala,Thiruvananthapuram,2518
2019-06-01,Kerala,Thrissur,2366
2019-06-01,Kerala,Wayanad,376
2019-07-01,Kerala,Alappuzha,1585
2019-07-01,Kerala,Ernakulam,1994
2019-07-01,Kerala,Idukki,608
2019-07-01,Kerala,Kannur,1840
2019-07-01,Kerala,Kasaragod,741
2019-07-01,Kerala,Kollam,1905
2019-07-01,Kerala,Kottayam,1873
2019-07-01,Kerala,Kozhikode,2601
2019-07-01,Kerala,Malappuram,2289
2019-07-01,Kerala,Palakkad,1765
2019-07-01,Kerala,Pathanamthitta,1156
2019-07-01,Kerala,Thiruvananthapuram,2851
2019-07-01,Kerala,Thrissur,2953
2019-07-01,Kerala,Wayanad,398
2019-08-01,Kerala,Alappuzha,1537
2019-08-01,Kerala,Ernakulam,2130
2019-08-01,Kerala,Idukki,660
2019-08-01,Kerala,Kannur,1991
2019-08-01,Kerala,Kasaragod,761
2019-08-01,Kerala,Kollam,2006
2019-08-01,Kerala,Kottayam,1931
2019-08-01,Kerala,Kozhikode,2666
2019-08-01,Kerala,Malappuram,2271
2019-08-01,Kerala,Palakkad,1891
2019-08-01,Kerala,Pathanamthitta,1158
2019-08-01,Kerala,Thiruvananthapuram,3008
2019-08-01,Kerala,Thrissur,2990
2019-08-01,Kerala,Wayanad,466
2019-09-01,Kerala,Alappuzha,1610
2019-09-01,Kerala,Ernakulam,2046
2019-09-01,Kerala,Idukki,654
2019-09-01,Kerala,Kannur,1736
2019-09-01,Kerala,Kasaragod,745
2019-09-01,Kerala,Kollam,1971
2019-09-01,Kerala,Kottayam,1888
2019-09-01,Kerala,Kozhikode,2508
2019-09-01,Kerala,Malappuram,2032
2019-09-01,Kerala,Palakkad,1715
2019-09-01,Kerala,Pathanamthitta,1136
2019-09-01,Kerala,Thiruvananthapuram,3009
2019-09-01,Kerala,Thrissur,2811
2019-09-01,Kerala,Wayanad,450
2019-10-01,Kerala,Alappuzha,1438
2019-10-01,Kerala,Ernakulam,1844
2019-10-01,Kerala,Idukki,588
2019-10-01,Kerala,Kannur,1555
2019-10-01,Kerala,Kasaragod,645
2019-10-01,Kerala,Kollam,1894
2019-10-01,Kerala,Kottayam,1743
2019-10-01,Kerala,Kozhikode,2154
2019-10-01,Kerala,Malappuram,1782
2019-10-01,Kerala,Palakkad,1562
2019-10-01,Kerala,Pathanamthitta,1130
2019-10-01,Kerala,Thiruvananthapuram,2802
2019-10-01,Kerala,Thrissur,2475
2019-10-01,Kerala,Wayanad,391
2019-11-01,Kerala,Alappuzha,1429
2019-11-01,Kerala,Ernakulam,1797
2019-11-01,Kerala,Idukki,571
2019-11-01,Kerala,Kannur,1516
2019-11-01,Kerala,Kasaragod,608
2019-11-01,Kerala,Kollam,1827
2019-11-01,Kerala,Kottayam,1710
2019-11-01,Kerala,Kozhikode,2192
2019-11-01,Kerala,Malappuram,1679
2019-11-01,Kerala,Palakkad,1500
2019-11-01,Kerala,Pathanamthitta,1048
2019-11-01,Kerala,Thiruvananthapuram,2883
2019-11-01,Kerala,Thrissur,2459
2019-11-01,Kerala,Wayanad,397
2019-12-01,Kerala,Alappuzha,1411
2019-12-01,Kerala,Ernakulam,1680
2019-12-01,Kerala,Idukki,588
2019-12-01,Kerala,Kannur,1499
2019-12-01,Kerala,Kasaragod,624
2019-12-01,Kerala,Kollam,1586
2019-12-01,Kerala,Kottayam,1643
2019-12-01,Kerala,Kozhikode,2141
2019-12-01,Kerala,Malappuram,1820
2019-12-01,Kerala,Palakkad,1540
2019-12-01,Kerala,Pathanamthitta,963
2019-12-01,Kerala,Thiruvananthapuram,2652
2019-12-01,Kerala,Thrissur,2397
2019-12-01,Kerala,Wayanad,391
2020-01-01,Kerala,Alappuzha,1360
2020-01-01,Kerala,Ernakulam,1841
2020-01-01,Kerala,Idukki,594
2020-01-01,Kerala,Kannur,1701
2020-01-01,Kerala,Kasaragod,651
2020-01-01,Kerala,Kollam,1669
2020-01-01,Kerala,Kottayam,1638
2020-01-01,Kerala,Kozhikode,2067
2020-01-01,Kerala,Malappuram,1739
2020-01-01,Kerala,Palakkad,1504
2020-01-01,Kerala,Pathanamthitta,1028
2020-01-01,Kerala,Thiruvananthapuram,2694
2020-01-01,Kerala,Thrissur,2414
2020-01-01,Kerala,Wayanad,437
2020-02-01,Kerala,Alappuzha,1261
2020-02-01,Kerala,Ernakulam,1695
2020-02-01,Kerala,Idukki,568
2020-02-01,Kerala,Kannur,1506
2020-02-01,Kerala,Kasaragod,625
2020-02-01,Kerala,Kollam,1514
2020-02-01,Kerala,Kottayam,1481
2020-02-01,Kerala,Kozhikode,2090
2020-02-01,Kerala,Malappuram,1656
2020-02-01,Kerala,Palakkad,1415
2020-02-01,Kerala,Pathanamthitta,957
2020-02-01,Kerala,Thiruvananthapuram,2324
2020-02-01,Kerala,Thrissur,2219
2020-02-01,Kerala,Wayanad,371
2020-03-01,Kerala,Alappuzha,1344
2020-03-01,Kerala,Ernakulam,1694
2020-03-01,Kerala,Idukki,519
2020-03-01,Kerala,Kannur,1452
2020-03-01,Kerala,Kasaragod,612
2020-03-01,Kerala,Kollam,1546
2020-03-01,Kerala,Kottayam,1399
2020-03-01,Kerala,Kozhikode,1941
2020-03-01,Kerala,Malappuram,1581
2020-03-01,Kerala,Palakkad,1460
2020-03-01,Kerala,Pathanamthitta,926
2020-03-01,Kerala,Thiruvananthapuram,2397
2020-03-01,Kerala,Thrissur,2280
2020-03-01,Kerala,Wayanad,348
2020-04-01,Kerala,Alappuzha,1171
2020-04-01,Kerala,Ernakulam,1350
2020-04-01,Kerala,Idukki,417
2020-04-01,Kerala,Kannur,1475
2020-04-01,Kerala,Kasaragod,563
2020-04-01,Kerala,Kollam,1302
2020-04-01,Kerala,Kottayam,1267
2020-04-01,Kerala,Kozhikode,1660
2020-04-01,Kerala,Malappuram,1509
2020-04-01,Kerala,Palakkad,1343
2020-04-01,Kerala,Pathanamthitta,807
2020-04-01,Kerala,Thiruvananthapuram,1975
2020-04-01,Kerala,Thrissur,2003
2020-04-01,Kerala,Wayanad,296
2020-05-01,Kerala,Alappuzha,1230
2020-05-01,Kerala,Ernakulam,1398
2020-05-01,Kerala,Idukki,406
2020-05-01,Kerala,Kannur,1313
2020-05-01,Kerala,Kasaragod,532
2020-05-01,Kerala,Kollam,1354
2020-05-01,Kerala,Kottayam,1294
2020-05-01,Kerala,Kozhikode,1697
2020-05-01,Kerala,Malappuram,1599
2020-05-01,Kerala,Palakkad,1318
2020-05-01,Kerala,Pathanamthitta,828
2020-05-01,Kerala,Thiruvananthapuram,2207
2020-05-01,Kerala,Thrissur,2086
2020-05-01,Kerala,Wayanad,311
2020-06-01,Kerala,Alappuzha,1205
2020-06-01,Kerala,Ernakulam,1553
2020-06-01,Kerala,Idukki,549
2020-06-01,Kerala,Kannur,1572
2020-06-01,Kerala,Kasaragod,564
2020-06-01,Kerala,Kollam,1565
2020-06-01,Kerala,Kottayam,1438
2020-06-01,Kerala,Kozhikode,1890
2020-06-01,Kerala,Malappuram,1726
2020-06-01,Kerala,Palakkad,1405
2020-06-01,Kerala,Pathanamthitta,883
2020-06-01,Kerala,Thiruvananthapuram,2360
2020-06-01,Kerala,Thrissur,2165
2020-06-01,Kerala,Wayanad,359
2020-07-01,Kerala,Alappuzha,1310
2020-07-01,Kerala,Ernakulam,1681
2020-07-01,Kerala,Idukki,579
2020-07-01,Kerala,Kannur,1609
2020-07-01,Kerala,Kasaragod,713
2020-07-01,Kerala,Kollam,1729
2020-07-01,Kerala,Kottayam,1523
2020-07-01,Kerala,Kozhikode,2140
2020-07-01,Kerala,Malappuram,1878
2020-07-01,Kerala,Palakkad,1527
2020-07-01,Kerala,Pathanamthitta,961
2020-07-01,Kerala,Thiruvananthapuram,2367
2020-07-01,Kerala,Thrissur,2341
2020-07-01,Kerala,Wayanad,404
2020-08-01,Kerala,Alappuzha,1552
2020-08-01,Kerala,Ernakulam,1844
2020-08-01,Kerala,Idukki,690
2020-08-01,Kerala,Kannur,1726
2020-08-01,Kerala,Kasaragod,785
2020-08-01,Kerala,Kollam,1955
2020-08-01,Kerala,Kottayam,1672
2020-08-01,Kerala,Kozhikode,2248
2020-08-01,Kerala,Malappuram,2073
2020-08-01,Kerala,Palakkad,1739
2020-08-01,Kerala,Pathanamthitta,1065
2020-08-01,Kerala,Thiruvananthapuram,2807
2020-08-01,Kerala,Thrissur,2568
2020-08-01,Kerala,Wayanad,426
2020-09-01,Kerala,Alappuzha,1485
2020-09-01,Kerala,Ernakulam,1835
2020-09-01,Kerala,Idukki,576
2020-09-01,Kerala,Kannur,1842
2020-09-01,Kerala,Kasaragod,775
2020-09-01,Kerala,Kollam,1930
2020-09-01,Kerala,Kottayam,1638
2020-09-01,Kerala,Kozhikode,2153
2020-09-01,Kerala,Malappuram,1924
2020-09-01,Kerala,Palakkad,1657
2020-09-01,Kerala,Pathanamthitta,1031
2020-09-01,Kerala,Thiruvananthapuram,2659
2020-09-01,Kerala,Thrissur,2508
2020-09-01,Kerala,Wayanad,413
2020-10-01,Kerala,Alappuzha,1645
2020-10-01,Kerala,Ernakulam,1985
2020-10-01,Kerala,Idukki,611
2020-10-01,Kerala,Kannur,1942
2020-10-01,Kerala,Kasaragod,820
2020-10-01,Kerala,Kollam,1941
2020-10-01,Kerala,Kottayam,1750
2020-10-01,Kerala,Kozhikode,2468
2020-10-01,Kerala,Malappuram,2120
2020-10-01,Kerala,Palakkad,1813
2020-10-01,Kerala,Pathanamthitta,1108
2020-10-01,Kerala,Thiruvananthapuram,3020
2020-10-01,Kerala,Thrissur,2823
2020-10-01,Kerala,Wayanad,461
2020-11-01,Kerala,Alappuzha,1393
2020-11-01,Kerala,Ernakulam,1740
2020-11-01,Kerala,Idukki,577
2020-11-01,Kerala,Kannur,1644
2020-11-01,Kerala,Kasaragod,651
2020-11-01,Kerala,Kollam,1820
2020-11-01,Kerala,Kottayam,1757
2020-11-01,Kerala,Kozhikode,2199
2020-11-01,Kerala,Malappuram,1896
2020-11-01,Kerala,Palakkad,1590
2020-11-01,Kerala,Pathanamthitta,961
2020-11-01,Kerala,Thiruvananthapuram,2650
2020-11-01,Kerala,Thrissur,2278
2020-11-01,Kerala,Wayanad,422
2020-12-01,Kerala,Alappuzha,1488
2020-12-01,Kerala,Ernakulam,1828
2020-12-01,Kerala,Idukki,643
2020-12-01,Kerala,Kannur,1680
2020-12-01,Kerala,Kasaragod,635
2020-12-01,Kerala,Kollam,1771
2020-12-01,Kerala,Kottayam,1815
2020-12-01,Kerala,Kozhikode,2306
2020-12-01,Kerala,Malappuram,1896
2020-12-01,Kerala,Palakkad,1764
2020-12-01,Kerala,Pathanamthitta,1020
2020-12-01,Kerala,Thiruvananthapuram,2840
2020-12-01,Kerala,Thrissur,2582
2020-12-01,Kerala,Wayanad,460
2021-01-01,Kerala,Alappuzha,1585
2021-01-01,Kerala,Ernakulam,1856
2021-01-01,Kerala,Idukki,679
2021-01-01,Kerala,Kannur,1635
2021-01-01,Kerala,Kasaragod,656
2021-01-01,Kerala,Kollam,1850
2021-01-01,Kerala,Kottayam,1893
2021-01-01,Kerala,Kozhikode,2393
2021-01-01,Kerala,Malappuram,1890
2021-01-01,Kerala,Palakkad,1713
2021-01-01,Kerala,Pathanamthitta,1161
2021-01-01,Kerala,Thiruvananthapuram,2874
2021-01-01,Kerala,Thrissur,2674
2021-01-01,Kerala,Wayanad,475
2021-02-01,Kerala,Alappuzha,1429
2021-02-01,Kerala,Ernakulam,1741
2021-02-01,Kerala,Idukki,610
2021-02-01,Kerala,Kannur,1593
2021-02-01,Kerala,Kasaragod,556
2021-02-01,Kerala,Kollam,1663
2021-02-01,Kerala,Kottayam,1654
2021-02-01,Kerala,Kozhikode,2148
2021-02-01,Kerala,Malappuram,1702
2021-02-01,Kerala,Palakkad,1568
2021-02-01,Kerala,Pathanamthitta,1019
2021-02-01,Kerala,Thiruvananthapuram,2653
2021-02-01,Kerala,Thrissur,2419
2021-02-01,Kerala,Wayanad,409
2021-03-01,Kerala,Alappuzha,1351
2021-03-01,Kerala,Ernakulam,1617
2021-03-01,Kerala,Idukki,535
2021-03-01,Kerala,Kannur,1618
2021-03-01,Kerala,Kasaragod,593
2021-03-01,Kerala,Kollam,1658
2021-03-01,Kerala,Kottayam,1697
2021-03-01,Kerala,Kozhikode,2073
2021-03-01,Kerala,Malappuram,1681
2021-03-01,Kerala,Palakkad,1540
2021-03-01,Kerala,Pathanamthitta,1029
2021-03-01,Kerala,Thiruvananthapuram,2474
2021-03-01,Kerala,Thrissur,2523
2021-03-01,Kerala,Wayanad,338
2021-04-01,Kerala,Alappuzha,1293
2021-04-01,Kerala,Ernakulam,1694
2021-04-01,Kerala,Idukki,518
2021-04-01,Kerala,Kannur,1638
2021-04-01,Kerala,Kasaragod,607
2021-04-01,Kerala,Kollam,1550
2021-04-01,Kerala,Kottayam,1752
2021-04-01,Kerala,Kozhikode,2136
2021-04-01,Kerala,Malappuram,1588
2021-04-01,Kerala,Palakkad,1526
2021-04-01,Kerala,Pathanamthitta,996
2021-04-01,Kerala,Thiruvananthapuram,2448
2021-04-01,Kerala,Thrissur,2254
2021-04-01,Kerala,Wayanad,350
2021-05-01,Kerala,Alappuzha,1721
2021-05-01,Kerala,Ernakulam,2540
2021-05-01,Kerala,Idukki,718
2021-05-01,Kerala,Kannur,2145
2021-05-01,Kerala,Kasaragod,760
2021-05-01,Kerala,Kollam,2255
2021-05-01,Kerala,Kottayam,2311
2021-05-01,Kerala,Kozhikode,3031
2021-05-01,Kerala,Malappuram,2239
2021-05-01,Kerala,Palakkad,2263
2021-05-01,Kerala,Pathanamthitta,1343
2021-05-01,Kerala,Thiruvananthapuram,3752
2021-05-01,Kerala,Thrissur,3165
2021-05-01,Kerala,Wayanad,399
2021-06-01,Kerala,Alappuzha,330
2021-06-01,Kerala,Ernakulam,506
2021-06-01,Kerala,Idukki,192
2021-06-01,Kerala,Kannur,484
2021-06-01,Kerala,Kasaragod,178
2021-06-01,Kerala,Kollam,522
2021-06-01,Kerala,Kottayam,687
2021-06-01,Kerala,Kozhikode,1024
2021-06-01,Kerala,Malappuram,413
2021-06-01,Kerala,Palakkad,489
2021-06-01,Kerala,Pathanamthitta,322
2021-06-01,Kerala,Thiruvananthapuram,944
2021-06-01,Kerala,Thrissur,901
2021-06-01,Kerala,Wayanad,96
